has,prefers,count
Women's movements,CMP tech experts,1
Women's movements,CO tech experts,1
Women's leadership,CMP tech experts,1
Women's leadership,CO tech experts,1
West Africa WoM,ACDs,1
West Africa WoM,ACDs,1
West Africa WoM,ACDs,1
West Africa WoM,CMP tech experts,1
West Africa WoM,CO tech experts,1
WEE steering committee,CMP tech experts,1
WEE steering committee,CO tech experts,1
SRHR steering committee,CMP tech experts,1
SRHR steering committee,CO tech experts,1
Southern Africa Hub,ACDs,1
Southern Africa Hub,ACDs,1
Southern Africa Hub,CMP tech experts,1
Southern Africa Hub,CO tech experts,1
Southern Africa Hub,Reg tech experts,1
SAA group,CMP tech experts,1
SAA group,CO tech experts,1
Regional PQ forums,ACDs,1
Regional PQ forums,ACDs,1
Regional PQ forums,CMP tech experts,1
Regional PQ forums,CO tech experts,1
Regional HR,CI-HR WG,1
Regional HR,CI-HR WG,1
Regional HR,CO HR staff,1
Reg tech experts,CI Gender,1
Reg tech experts,CI MEL group,1
Reg tech experts,CIGN,1
Reg tech experts,EMB Working Group,1
Reg tech experts,Gender Cohort,1
Reg tech experts,GEWV SC,1
Reg tech experts,GiE,1
Reg tech experts,Southern Africa Hub,1
Reg IGS leads,LFFV WG,1
Reg HR,PSEA Task Force,1
PSEA Task Force,CI-HR WG,1
PSEA Task Force,CMP Legal,1
Programme Strategy Team,CMP tech experts,1
Programme Directors Group,CMP program directors,1
Programme Directors Group,CMP program directors,1
PQI SLT,CMP program directors,1
PQI SLT,CMP program directors,1
MENA,ACDs,1
MENA,CO tech experts,1
MENA,Reg tech experts,1
LFFV WG,CI Gender,1
LFFV WG,CMP tech experts,1
LAC DW IGS,ACDs,1
LAC DW IGS,ACDs,1
LAC DW IGS,CMP tech experts,1
GLR,ACDs,1
GLR,CO tech experts,1
GLR,LFFV WG,1
GiE,CEG,1
GiE,CMP Humanitarian experts,1
GiE,CMP Humanitarian experts,1
GiE,CO Humanitarian Coordinators,1
GiE,CO tech experts,1
GiE,ERWG,1
GiE,Reg tech experts,1
GEWV SC,CI Gender,1
GEWV SC,CMP tech experts,1
GEWV SC,CO tech experts,1
GEWV SC,Reg tech experts,1
Gender marker superstars,GiE,1
Gender Cohort,CMP tech experts,1
Gender Cohort,CO tech experts,1
GED network,CI-HR WG,1
FNS SC,CMP tech experts,1
FNS SC,CO tech experts,1
FNS SC,Southern Africa Hub,1
ERWG,CMP Humanitarian experts,1
ERWG,CMP Humanitarian experts,1
EMB Working Group,CMP tech experts,1
EMB Working Group,CO tech experts,1
EMB Working Group,Reg tech experts,1
CO tech experts,API CoP,1
CO tech experts,Asia WEE IGS,1
CO tech experts,CI Gender,1
CO tech experts,CI MEL group,1
CO tech experts,CIGN,1
CO tech experts,EMB Working Group,1
CO tech experts,FNS SC,1
CO tech experts,GED network,1
CO tech experts,Gender Cohort,1
CO tech experts,Gender marker superstars,1
CO tech experts,GEWV SC,1
CO tech experts,GiE,1
CO tech experts,GLR,1
CO tech experts,LAC DW IGS,1
CO tech experts,MENA,1
CO tech experts,Regional PQ forums,1
CO tech experts,SAA group,1
CO tech experts,Southern Africa Hub,1
CO tech experts,SRHR steering committee,1
CO tech experts,WEE steering committee,1
CO tech experts,West Africa WoM,1
CO Program Coordinators,Asia LFFV,1
CO Program Coordinators,Asia WEE IGS,1
CO Program Coordinators,GLR,1
CO Program Coordinators,LAC DW IGS,1
CO Program Coordinators,MENA,1
CO Program Coordinators,Southern Africa Hub,1
CO Program Coordinators,West Africa WoM,1
CO Humanitarian Coordinators,Asia GiE,1
CO Humanitarian Coordinators,GiE,1
CO HR staff,Regional HR,1
CO HR,PSEA Task Force,1
CO country director,CIGN,1
CO country director,PQI SLT,1
CMP tech experts,Asia LFFV,1
CMP tech experts,CI Gender,1
CMP tech experts,CI MEL group,1
CMP tech experts,CIGN,1
CMP tech experts,CMP program directors,1
CMP tech experts,EMB Working Group,1
CMP tech experts,FNS SC,1
CMP tech experts,GED network,1
CMP tech experts,Gender Cohort,1
CMP tech experts,GEWV SC,1
CMP tech experts,GiE,1
CMP tech experts,LFFV WG,1
CMP tech experts,Programme Strategy Team,1
CMP tech experts,SAA group,1
CMP tech experts,Southern Africa Hub,1
CMP tech experts,SRHR steering committee,1
CMP tech experts,WEE steering committee,1
CMP tech experts,Women's leadership,1
CMP tech experts,Women's movements,1
CMP program directors,PQI SLT,1
CMP program directors,Programme Directors Group,1
CMP Legal,PSEA Task Force,1
CMP Humanitarian experts,ERWG,1
CMP Humanitarian experts,GiE,1
CMP HR ,PSEA Task Force,1
CIGN,ACDs,1
CIGN,CI Gender,1
CIGN,CMP tech experts,1
CIGN,CO tech experts,1
CIGN,Reg tech experts,1
CIGN,CI Advocacy,
CI-HR WG,Regional HR,1
CI MEL group,CMP tech experts,1
CI Humanitarian,CEG,1
CI Gender,CIGN,
CI Gender,PQI SLT,1
CI Advocacy,CIGN,
CI Advocacy,CMP tech experts,1
CI Advocacy,Programme Strategy Team,1
CI Advocacy,Reg tech experts,1
CEG,CI Humanitarian,1
Asia WEE IGS,ACDs,1
Asia WEE IGS,ACDs,1
Asia WEE IGS,CMP tech experts,1
Asia WEE IGS,CO tech experts,1
Asia LFFV,ACDs,1
Asia LFFV,CMP tech experts,1
Asia LFFV,CO Program Coordinators,1
Asia GiE,ACDs,1
Asia GiE,ACDs,1
Asia GiE,CO Humanitarian Coordinators,1
API CoP,ACDs,1
API CoP,CMP tech experts,1
API CoP,CO tech experts,1
ACDs,API CoP,1
ACDs,Asia GiE,1
ACDs,Asia LFFV,1
ACDs,Asia WEE IGS,1
ACDs,CI Advocacy,1
ACDs,CIGN,1
ACDs,GLR,1
ACDs,LAC DW IGS,1
ACDs,MENA,1
ACDs,Regional PQ forums,1
ACDs,Southern Africa Hub,1
ACDs,West Africa WoM,1
